{
  "stage_history": [],
  "current_stage": {
    "start_time": 1760019113.8740282,
    "iterations": [
      0,
      10,
      20,
      30,
      40,
      50,
      60,
      70,
      80,
      90,
      100,
      110,
      120,
      130,
      140,
      150,
      160,
      170,
      180,
      190,
      200,
      210,
      220,
      230,
      240,
      250,
      260,
      270,
      280,
      290,
      300,
      310,
      320,
      330,
      340,
      350,
      360,
      370,
      380,
      390,
      400,
      410,
      420,
      430,
      440,
      450,
      460,
      470,
      480,
      490,
      500,
      510,
      520,
      530,
      540,
      550,
      560,
      570,
      580,
      590,
      600,
      610,
      620,
      630,
      640,
      650
    ],
    "understanding_scores": [
      0.24289197105225088,
      0.2049685764860089,
      0.2711443110552464,
      0.2022245030554754,
      0.20299726780072747,
      0.20336535288173813,
      0.2810970597578203,
      0.2042617873088216,
      0.2036710117098693,
      0.2030314433243906,
      0.20237704402813134,
      0.2632055814485677,
      0.2021276423724924,
      0.3088371514624258,
      0.31433913890874415,
      0.3111815816953169,
      0.31496765698745643,
      0.3268924478615173,
      0.32788253651321403,
      0.33362428200325833,
      0.3326829370980694,
      0.33049923742059795,
      0.3190717016652692,
      0.2072999299771703,
      0.20732367340094798,
      0.3344068565671562,
      0.2136921040659974,
      0.21079001993584823,
      0.2106504119444314,
      0.3349274139414642,
      0.3351756362418026,
      0.33644842983392653,
      0.31952941513475297,
      0.32878417663283854,
      0.26062139587904765,
      0.3284487245977058,
      0.30006977641632554,
      0.33628494822917704,
      0.24074941620238247,
      0.21152144217708269,
      0.2105115222889275,
      0.3384316912767324,
      0.33418749154621913,
      0.3260429477493785,
      0.2121289848769344,
      0.339421044591857,
      0.2558233743100959,
      0.26850723499559603,
      0.3388137692585762,
      0.21854874426299484,
      0.26757618779854464,
      0.33567808262816107,
      0.3283230901499899,
      0.3389321689546111,
      0.33873749837303757,
      0.3282641031966028,
      0.34053686803808847,
      0.3365641357116947,
      0.3071107851585695,
      0.34042384251766045,
      0.216036991361922,
      0.21478084158920513,
      0.34195693566124463,
      0.29855090844450793,
      0.3434303953301759,
      0.3270969837501094
    ],
    "stage_index": 0,
    "stage_name": "Baby Steps",
    "last_update": 1760019324.9678776
  },
  "avg_iterations_per_stage": null,
  "avg_time_per_stage": null,
  "understanding_threshold": 0.999,
  "last_save": "2025-10-09T14:15:24.967883"
}