{
  "stage_history": [],
  "current_stage": {
    "start_time": 1760061319.0155504,
    "iterations": [
      6310,
      6320,
      6330,
      6340,
      6350,
      6360,
      6370,
      6380,
      6390,
      6400,
      6410,
      6420,
      6430,
      6440,
      6450,
      6460,
      6470,
      6480,
      6490,
      6500,
      6510,
      6520,
      6530,
      6540,
      6550,
      6560,
      6570,
      6580,
      6590,
      6600,
      6610,
      6620,
      6630,
      6640,
      6650,
      6660,
      6670,
      6680,
      6690,
      6700,
      6710,
      6720,
      6730,
      6740,
      6750,
      6760,
      6770,
      6780,
      6790,
      6800,
      6810,
      6820,
      6830,
      6840,
      6850,
      6860,
      6870,
      6880,
      6890,
      6900,
      6910,
      6920,
      6930,
      6940,
      6950,
      6960,
      6970,
      6980,
      6990,
      7000,
      7010,
      7020,
      7030,
      7040,
      7050,
      7060,
      7070,
      7080,
      7090,
      7100,
      7110,
      7120,
      7130,
      7140,
      7150,
      7160,
      7170,
      7180,
      7190,
      7200,
      7210,
      7220,
      7230,
      7240,
      7250,
      7260,
      7270,
      7280,
      7290,
      7300
    ],
    "understanding_scores": [
      0.7585067308928208,
      0.758885159378032,
      0.7592154615960351,
      0.7595375838338497,
      0.7598372195062634,
      0.7601358585601706,
      0.6775785616397901,
      0.6776263517639375,
      0.6783291647827495,
      0.678884843685201,
      0.6783276843812347,
      0.6800780560326393,
      0.6790470421114694,
      0.6799209890265504,
      0.680438535995823,
      0.6808241027587236,
      0.6803475104075413,
      0.681327121711361,
      0.7646740008403234,
      0.7650301531113168,
      0.7654018783075455,
      0.7657209112423853,
      0.7660373078256884,
      0.6836832950131381,
      0.684302995762857,
      0.7670030763865308,
      0.7673889754916405,
      0.7677832633363499,
      0.7681918111742284,
      0.7686043868479497,
      0.7689218057145033,
      0.7692845941546551,
      0.76957061998133,
      0.7698775689738591,
      0.7701886988216073,
      0.7704957456032251,
      0.7707972310571833,
      0.7711095439833655,
      0.6867154470671724,
      0.6873145208390974,
      0.6877284150710173,
      0.7724155729431132,
      0.7727451569991084,
      0.7731622887099622,
      0.6898768708499812,
      0.6890698225863773,
      0.6889274467185029,
      0.6895602739245799,
      0.7747915432787778,
      0.7750960115841855,
      0.7754289754630072,
      0.7757861796574465,
      0.7760956367508338,
      0.7764062774127946,
      0.7767182175632007,
      0.7770222852365831,
      0.7774130246509878,
      0.7777449587246937,
      0.778066103792074,
      0.7784040078421377,
      0.7787538703069773,
      0.7790851764099717,
      0.7794514997918007,
      0.7797440395554772,
      0.7800705505523208,
      0.7803980145420508,
      0.7806434562561396,
      0.7808605745878414,
      0.7811479629424041,
      0.7815595402587534,
      0.7818506810957826,
      0.7821065974924986,
      0.7823359617675891,
      0.7825319756807979,
      0.7828067708115619,
      0.7831643586108443,
      0.7835687236838735,
      0.7839589407602217,
      0.7842894321186468,
      0.78453884253667,
      0.7847932553751914,
      0.699417178103509,
      0.6986567244510441,
      0.6987453335954058,
      0.6986024636307502,
      0.6992581933186689,
      0.700870866580993,
      0.7870179857464707,
      0.7873093680999994,
      0.7875726663080262,
      0.7878833262512464,
      0.7882108417325994,
      0.7885830384755089,
      0.7888993103822942,
      0.7891928770332585,
      0.7894710233746073,
      0.7898588156283615,
      0.7902027144985689,
      0.790460386990854,
      0.7906948099126213
    ],
    "timestamps": [
      1760061486.2877698,
      1760061486.772996,
      1760061487.078322,
      1760061487.6714537,
      1760061488.3771274,
      1760061488.777777,
      1760061489.06551,
      1760061489.2708235,
      1760061489.3759637,
      1760061489.6748242,
      1760061489.9638543,
      1760061490.2802842,
      1760061490.4786737,
      1760061490.7683332,
      1760061490.870043,
      1760061491.164749,
      1760061491.3775098,
      1760061491.5709977,
      1760061491.9719121,
      1760061492.388184,
      1760061492.6771994,
      1760061492.8906026,
      1760061493.1635082,
      1760061493.387635,
      1760061493.5723617,
      1760061493.782253,
      1760061494.0772624,
      1760061494.47065,
      1760061494.6779256,
      1760061494.9845355,
      1760061495.0794644,
      1760061495.3725133,
      1760061495.5744076,
      1760061495.7795095,
      1760061495.9739907,
      1760061496.4707935,
      1760061496.7752163,
      1760061497.0613396,
      1760061497.1741695,
      1760061497.3694968,
      1760061497.7654324,
      1760061497.9630826,
      1760061498.3718743,
      1760061498.4774654,
      1760061498.6688294,
      1760061499.1857612,
      1760061499.4638875,
      1760061499.578194,
      1760061499.762512,
      1760061499.9661422,
      1760061500.3847406,
      1760061500.6729443,
      1760061500.7796984,
      1760061500.974764,
      1760061501.1636872,
      1760061501.2742445,
      1760061501.5682511,
      1760061501.8679068,
      1760061502.0685117,
      1760061502.4622853,
      1760061502.6849678,
      1760061502.8767138,
      1760061502.9799309,
      1760061503.172068,
      1760061503.3655167,
      1760061503.5699348,
      1760061503.680521,
      1760061504.0681605,
      1760061504.2799056,
      1760061504.6657162,
      1760061504.9658058,
      1760061505.1682594,
      1760061505.2806225,
      1760061505.662855,
      1760061505.8638492,
      1760061506.2649121,
      1760061506.5662682,
      1760061506.7836432,
      1760061507.0874462,
      1760061507.3673038,
      1760061507.5768445,
      1760061507.8724573,
      1760061508.1781769,
      1760061508.4783306,
      1760061508.8860643,
      1760061509.1736424,
      1760061509.4730685,
      1760061509.6814034,
      1760061510.0871696,
      1760061510.4614096,
      1760061510.8793156,
      1760061511.2615106,
      1760061511.4674354,
      1760061511.6753957,
      1760061511.9661963,
      1760061512.3637664,
      1760061512.4901817,
      1760061512.7704325,
      1760061513.0637825,
      1760061513.2737725
    ],
    "stage_index": 0,
    "stage_name": "Baby Steps",
    "last_update": 1760061513.2737725
  },
  "avg_iterations_per_stage": null,
  "avg_time_per_stage": null,
  "kalman_state": {
    "velocity": 0.0019359479191443584,
    "velocity_variance": 0.017912878474779202,
    "process_noise": 0.01,
    "measurement_noise": 0.05
  },
  "smoothed_velocity": 0.005847892884320197,
  "velocity_trend": -0.0006664556323830341,
  "understanding_threshold": 0.999,
  "last_save": "2025-10-10T01:58:33.273811"
}