{
  "stage_history": [],
  "current_stage": {
    "start_time": 1760019113.8740282,
    "iterations": [
      0,
      10,
      20,
      30,
      40,
      50,
      60,
      70,
      80,
      90,
      100,
      110,
      120,
      130,
      140,
      150,
      160,
      170,
      180,
      190,
      200,
      210,
      220,
      230,
      240,
      250,
      260,
      270,
      280,
      290,
      300,
      310,
      320,
      330,
      340,
      350,
      360,
      370,
      380,
      390,
      400,
      410,
      420,
      430,
      440,
      450,
      460,
      470,
      480,
      490,
      500,
      510,
      520,
      530,
      540,
      550,
      560,
      570,
      580,
      590,
      600,
      610,
      620,
      630,
      640,
      650,
      660,
      670,
      680,
      690,
      700,
      710,
      720,
      730,
      740,
      750,
      760,
      770,
      780,
      790,
      800,
      810,
      820,
      830,
      840,
      850,
      860,
      870,
      880,
      890,
      900,
      910,
      920,
      930,
      940,
      950,
      960,
      970,
      980,
      990,
      1000,
      1010,
      1020,
      1030,
      1040,
      1050,
      1060,
      1070,
      1080,
      1090,
      1100,
      1110,
      1120,
      1130,
      1140,
      1150,
      1160,
      1170,
      1180,
      1190,
      1200,
      1210,
      1220,
      1230,
      1240,
      1250,
      1260,
      1270,
      1280,
      1290,
      1300,
      1310,
      1320,
      1330,
      1340,
      1350,
      1360,
      1370,
      1380,
      1390,
      1400,
      1410,
      1420,
      1430,
      1440,
      1450,
      1460,
      1470,
      1480,
      1490,
      1500,
      1510,
      1520,
      1530,
      1540,
      1550
    ],
    "understanding_scores": [
      0.24289197105225088,
      0.2049685764860089,
      0.2711443110552464,
      0.2022245030554754,
      0.20299726780072747,
      0.20336535288173813,
      0.2810970597578203,
      0.2042617873088216,
      0.2036710117098693,
      0.2030314433243906,
      0.20237704402813134,
      0.2632055814485677,
      0.2021276423724924,
      0.3088371514624258,
      0.31433913890874415,
      0.3111815816953169,
      0.31496765698745643,
      0.3268924478615173,
      0.32788253651321403,
      0.33362428200325833,
      0.3326829370980694,
      0.33049923742059795,
      0.3190717016652692,
      0.2072999299771703,
      0.20732367340094798,
      0.3344068565671562,
      0.2136921040659974,
      0.21079001993584823,
      0.2106504119444314,
      0.3349274139414642,
      0.3351756362418026,
      0.33644842983392653,
      0.31952941513475297,
      0.32878417663283854,
      0.26062139587904765,
      0.3284487245977058,
      0.30006977641632554,
      0.33628494822917704,
      0.24074941620238247,
      0.21152144217708269,
      0.2105115222889275,
      0.3384316912767324,
      0.33418749154621913,
      0.3260429477493785,
      0.2121289848769344,
      0.339421044591857,
      0.2558233743100959,
      0.26850723499559603,
      0.3388137692585762,
      0.21854874426299484,
      0.26757618779854464,
      0.33567808262816107,
      0.3283230901499899,
      0.3389321689546111,
      0.33873749837303757,
      0.3282641031966028,
      0.34053686803808847,
      0.3365641357116947,
      0.3071107851585695,
      0.34042384251766045,
      0.216036991361922,
      0.21478084158920513,
      0.34195693566124463,
      0.29855090844450793,
      0.3434303953301759,
      0.3270969837501094,
      0.3434802280918224,
      0.33151168607891385,
      0.29954590564388994,
      0.344195783204184,
      0.26657214614757435,
      0.2697828439981133,
      0.33249128964741276,
      0.3447262937167495,
      0.3423067002253474,
      0.3448916963625835,
      0.34129529728057,
      0.34493969600893376,
      0.34359892577274,
      0.34534971053315844,
      0.3460513112809979,
      0.33845714196987925,
      0.343273984169446,
      0.34010611651230144,
      0.3351187547300282,
      0.3466636309605272,
      0.3471860221403591,
      0.33402019592473087,
      0.34717972748460796,
      0.342322949557858,
      0.344657433001015,
      0.3470355993523108,
      0.3149218408782679,
      0.31548679623134773,
      0.23235010216337834,
      0.3481008798917158,
      0.34839467082747994,
      0.23836623107866597,
      0.3485555385863019,
      0.34540417359674946,
      0.3505035122892761,
      0.34079826450575446,
      0.27804932080166744,
      0.35232861623428774,
      0.3525121569136515,
      0.3526055509616163,
      0.35291436919161767,
      0.3453280091330085,
      0.35360781765589117,
      0.355467879129372,
      0.3081848295058244,
      0.34999862336911935,
      0.35632116775879186,
      0.35694895695263884,
      0.3569594214841223,
      0.3572711534801002,
      0.3555750125958099,
      0.35723932927927565,
      0.3588105863396214,
      0.35742873629210503,
      0.36046651542034464,
      0.36066227419038677,
      0.36185875958046787,
      0.2562009668836164,
      0.2340349086046837,
      0.3620447277729256,
      0.36023854045179327,
      0.36291268125831366,
      0.36418045405275307,
      0.36254819372952746,
      0.36423301030788036,
      0.364213791658405,
      0.3662562469606244,
      0.3643223951645567,
      0.3668126646689769,
      0.3603238417049974,
      0.3672015705529606,
      0.36878549403586314,
      0.36956075017447154,
      0.36742033554109554,
      0.36996260014334253,
      0.370078145044558,
      0.3703313892952447,
      0.37255947829369146,
      0.37389359038004805,
      0.3739881364015373,
      0.37428088437951335,
      0.3420733309887462,
      0.3744485085950559,
      0.3748992678812721,
      0.37477247022179605,
      0.37545757830777066,
      0.37561592931346477,
      0.37372841977990406,
      0.3768983656100902,
      0.3750644048617243
    ],
    "stage_index": 0,
    "stage_name": "Baby Steps",
    "last_update": 1760019619.567191
  },
  "avg_iterations_per_stage": null,
  "avg_time_per_stage": null,
  "understanding_threshold": 0.999,
  "last_save": "2025-10-09T14:20:19.567195"
}